name,junk
NBC Nightly News,1970–present)
i dream of jeannie,19670)
On the Money,1970–present)
The Man from U N C L E,1974-present)
Great Performances,1972–present)
The Price Is Right,1972–present)
The Young and the Restless,1973–present)
Nova,1974–present)
Good Morning America,1975–present)
PBS NewsHour,1975–present)
Saturday Night Live,1975–present)
Austin City Limits,1976–present)
Live from Lincoln Center,1976–present)
Inside the NFL,1977–present)
20/20 |20/20,1978–present)
CBS News Sunday Morning,1979–present)
Nightly Business Report,1979–present)
SportsCenter,1979–present)
This Old House,1979–present)
The Woodwright's Shop,1979–present)
Whose Line Is It Anyway,1999)
Big Brother,2000–present)
Closer to Truth,2000–present)
In Depth,2000–present)
Secrets of the Dead,2000–present)
Survivor |Survivor,2000–present)
Things You Shouldn't Say Past Midnight,2000–present)
The Amazing Race |The Amazing Race,2001–present)
America's Test Kitchen,2001–present)
Caso Cerrado,2001–present)
College Football Scoreboard,2001–present)
The Fairly OddParents,2001–present)
How It's Made,2001–present)
The John Kerwin Show,2001–present)
NASCAR RaceDay,2001–present)
NASCAR Victory Lane,2001–present)
Pardon the Interruption,2001–present)
Al Rojo Vivo (Telemundo)|Al Rojo Vivo,2002–present)
Around the Horn,2002–present)
The Bachelor |The Bachelor,2002–present)
Barefoot Contessa,2002–present)
Bulls & Bears,2002–present)
Cashin' In,2002–present)
Closing Bell,2002–present)
Contacto Deportivo,2002–present)
Dr. Phil |Dr. Phil,2002–present)
Forbes on Fox,2002–present)
Last Call with Carson Daly,2002–present)
NBA Countdown,2002–present)
On the Record w/ Greta Van Susteren,2002–present)
Shepard Smith Reporting,2002–present)
Anderson Cooper 360°,2003–present)
The Ellen DeGeneres Show,2003–present)
Jimmy Kimmel Live!,2003–present)
NCIS |NCIS,2003–present)
New Scandinavian Cooking,2003–present)
NFL Total Access,2003–present)
Real Time with Bill Maher,2003–present)
Simply Ming,2003–present)
The Venture Bros.,2003–present)
The Biggest Loser |The Biggest Loser,2004–present)
The First 48,2004–present)
First Look (MSNBC program)|First Look,2004–present)
Ghost Hunters,2004–present)
Journal Editorial Report,2004–present)
LatiNation,2004–present)
Project Runway,2004–present)
Q&A (U.S. talk show)|Q&A,2004–present)
Snapped,2004–present)
Tavis Smiley |Tavis Smiley,2004–present)
Top 20 Country Countdown,2004–present)
Untold Stories of the E.R.,2004–present)
After Words,2005–present)
America's Heartland,2005–present)
American Dad!,2005–present)
College GameDay (basketball)|College GameDay]]'', basketball version (2005–present)
Criminal Minds,2005–present)
Dancing with the Stars,2005–present)
Deadly Women,2005–present)
Designing Spaces,2005–present)
Family Guy,1999–2003; 2005–present)
Grey's Anatomy,2005–present)
Hell's Kitchen |Hell's Kitchen,2005–present)
It's Always Sunny in Philadelphia,2005–present)
Lockup |Lockup,2005–present)
How I Met Your Mother, 2005-2014)
Morning Express with Robin Meade,2005–present)
Nancy Grace |Nancy Grace,2005–present)
NHL Live,2005–present)
Saturday Primetime,2005–present)
The Situation Room,2005–present)
So You Think You Can Dance,2005–present)
Squawk on the Street,2005–present)
Supernatural |Supernatural,2005–present)
America's Got Talent,2006–present
Bad Girls Club,2006–present)
Bizarre Foods with Andrew Zimmern,2006–present)
Comics Unleashed,2006–present)
Diners Drive-Ins and Dives,2006–present)
Football Night in America,2006–present)
Guy's Big Bite,2006–present)
How Do They Do It?,2006–present)
Million Dollar Listing Los Angeles,2006–present)
NFL Replay,2006–present)
Keeping Up with the Kardashians,2006)
Thursday Night Football,2006–present)
Your Business,2006–present)
Al Punto,2007–present)
American Greed,2007–present)
America's Newsroom,2007–present)
The Big Bang Theory,2007–present)
Dog Tales,2007–present)
E:60,2007–present)
First Take |First Take,2007–present)
Ice Road Truckers,2007–present)
Jail |Jail,2007–present)
Kate Plus 8,2007–present)
Man Caves,2007–present)
Morning Joe,2007–present)
Nuestra Belleza Latina,2007–present)
Say Yes to the Dress,2007–present)
The Steve Wilkos Show,2007–present)
The Universe |The Universe,2007–present)
1st Look,2008–present)
Ax Men,2008–present)
The Bachelorette,2003–2003; 2008–present)
The Celebrity Apprentice,2008–present)
The Doctors (2008 TV series)|The Doctors,2008–present)
Ghost Adventures,2008–present)
Giada at Home,2008–present)
Happening Now,2008–present)
NASA 360,2008–present)
NBA Gametime Live,2008–present)
Primetime: What Would You Do?,2008–present)
The Rachel Maddow Show,2008–present)
The Real Housewives of Atlanta,2008–present)
Un Nuevo Día,2008–present)
The Wendy Williams Show,2008–present)
American Ninja Warrior,2009–present)
BBQ Pitmasters,2009–present)
Cake Boss,2009–present)
Castle |Castle,2009-present)
The Dan Patrick Show,2009–present)
Dinosaur Train,2009–present)
The Dr. Oz Show,2009–present)
Fault Lines |Fault Lines,2009–present)
Frankie & Neffe,2009–present)
Hannity,2009–present)
Let's Make a Deal, 2009–present)
The Middle |The Middle,2009–present)
Modern Family,2009–present)
Monsters Inside Me,2009–present)
Music Feed,2009–present)
NASCAR Race Hub,2009–present)
NCIS: Los Angeles,2009–present)
On the Case with Paula Zahn,2009–present)
Pawn Stars,2009–present)
Pit Bulls & Parolees,2009–present)
The Real Housewives of New Jersey,2009–present)
Ring of Honor Wrestling,2009–present)
Shark Tank,2009–present)
SportsNation |SportsNation,2009–present)
State of the Union with Jake Tapper,2009–present)
Steven Seagal: Lawman,2009–present)
Stossel |Stossel,2009–present)
Thursday Night Baseball,2009–present)
Tosh.0,2009–present)
The Vampire Diaries,2009-present)
Watch What Happens: Live,2009–present)
Way Too Early,2009–present)
Weather Center Live,2009–present)
WWE Superstars,2009–present)
Adventure Time,2010–present)
America's Court with Judge Ross,2010–present)
American Pickers,2010–present)
American Restoration,2010–present)
Ancient Aliens,2010–present)
Archer |Archer,2010–present)
Bath Crashers,2010–present)
Blue Bloods |Blue Bloods,2010–present)
Conan (talk show)|Conan,2010–present)
Drugs Inc.,2010–present)
Dual Survival,2010–present)
Family Game Night |Family Game Night,2010–present)
Gold Rush |Gold Rush,2010–present)
Hawaii Five-0,2010–present)
How the Universe Works,2010–present)
I (Almost) Got Away With It,2010–present)
The Last Word with Lawrence O'Donnell,2010–present)
Louie |Louie,2010–present)
MasterChef |MasterChef,2010–present)
My Little Pony: Friendship Is Magic,2010–present)
My Strange Addiction,2010–present)
Mysteries at the Museum,2010–present)
Next Great Baker,2010–present)
Pretty Little Liars |Pretty Little Liars,2010-present)
The Real Housewives of Beverly Hills,2010–present)
Regular Show,2010–present)
Sister Wives,2010–present)
Storage Wars,2010–present)
The Talk |The Talk,2010–present)
Top Gear |Top Gear,2010–present)
Undercover Boss |Undercover Boss,2010–present)
Unusual Suspects |Unusual Suspects,2010–present)
The Vanilla Ice Project,2010–present)
The Walking Dead |The Walking Dead,2010–present)
Who Do You Think You Are? |Who Do You Think You Are?,2010–present)
Wild Kratts,2010–present)
Worst Cooks in America,2010–present)
2 Broke Girls,2011–present)
Alaska: The Last Frontier,2011–present)
The Amazing World of Gumball,2011–present)
American Horror Story,2011–present)
Bar Rescue,2011–present)
Basketball Wives LA,2011–present)
The Bill Cunningham Show,2011–present)
Bob's Burgers,2011–present)
Bubble Guppies,2011–present)
The Chew,2011–present)
Coast Guard Alaska,2011–present)
Dance Moms,2011–present)
The Dead Files,2011–present)
Dr. Drew On Call,2011–present)
Erin Burnett OutFront,2011–present)
The Five (TV program)|The Five,2011–present)
A Football Life,2011–present)
Game of Thrones ,2011–present)
Grimm |Grimm,2011–present)
The Heart She Holler,2011–present)
Homeland |Homeland,2011–present)
Homicide Hunter,2011–present)
Impractical Jokers,2011–present)
Justice with Judge Jeanine,2011–present)
Last Man Standing |Last Man Standing,2011–present)
Last Shot with Judge Gunn,2011–present)
New Girl,2011–present)
Off the Air |Off the Air,2011–present)
Once Upon a Time |Once Upon a Time,2011–present)
Oprah's Master Class,2011–present)
Paranormal Witness,2011–present)
PoliticsNation with Al Sharpton,2011–present)
Portlandia |Portlandia,2011–present)
Reed Between the Lines,2011–present)
Restaurant: Impossible,2011–present)
Ridiculousness |Ridiculousness,2011–present)
Say Yes to the Dress: Bridesmaids,2011–present)
Shameless |Shameless,2011–present)
Single Ladies |Single Ladies,2011–present)
Suits |Suits,2011–present)
Super Soul Sunday,2011–present)
Friends with Benefits,2011-present)
Talking Dead,2011–present)
Tanked,2011–present)
Teen Wolf (2011 TV series)|Teen Wolf,2011–present)
Tyler Perry's For Better or Worse,2011–present)
The Voice |The Voice,2011–present)
Weekends with Alex Witt,2011–present)
Welcome to Sweetie Pie's,2011–present)
Workaholics,2011–present)
Amanpour,2009–2010; 2012–present)
Arrow |Arrow,2012–present)
Baby Daddy,2012–present)
Betty White's Off Their Rockers,2012–present)
Blood Relatives |Blood Relatives,2012–present)
Catfish: The TV Show,2012–present)
CBS This Morning,2012–present)
Chicago Fire |Chicago Fire,2012–present)
Comedy Bang! Bang!,2012–present)
Comic Book Men,2012–present)
Counting Cars,2012–present)
Couples Therapy |Couples Therapy,2012–present)
Daniel Tiger's Neighborhood,2012–present)
Doc McStuffins,2012–present)
DreamWorks Dragons,2012–present)
Elementary |Elementary,2012–present)
Extreme Cheapskates,2012–present)
The First Family |The First Family,2012–present)
Fox & Friends First,2012–present)
The Half Hour,2012–present)
The Haunting of...,2012–present)
Holliston |Holliston,2012–present)
Hotel Hell,2012–present)
Hotel Impossible,2012–present)
House of Lies,2012–present)
Iyanla: Fix My Life,2012–present)
Justice for All with Judge Cristina Perez,2012–present)
Live! with Kelly and Michael,2012–present)
Longmire |Longmire,2012–present)
Major Crimes,2012–present)
The Mindy Project,2012–present)
Mr. Box Office,2012–present)
Mystery Diners,2012–present)
Nashville (2012 TV series)|Nashville,2012–present)
Oprah: Where Are They Now?,2012–present)
Rachael vs. Guy: Celebrity Cook-Off,2012–present)
Scandal |Scandal,2012–present)
Shahs of Sunset,2012–present)
Shipping Wars,2012–present)
Steve Harvey |Steve Harvey,2012–present)
Teenage Mutant Ninja Turtles (2012 TV series)|Teenage Mutant Ninja Turtles,2012–present)
UFC Ultimate Insider,2012–present)
Ultimate Spider-Man |Ultimate Spider-Man,2012–present)
Veep |Veep,2012–present)
Wives with Knives,2012–present)
WWE Main Event,2012–present)
Yukon Men,2012–present)
The (206),2013–present)
60 Minutes Sports,2013–present)
Adam DeVine's House Party,2013–present)
All In with Chris Hayes,2013–present)
The Americans (2013 TV series)|The Americans,2013–present)
Anthony Bourdain: Parts Unknown,2013–present)
Arrested Development |Arrested Development,2003–2006; 2013–present)
Axe Cop |Axe Cop,2013–present)
Bates Motel |Bates Motel,2013–present)
Being Mary Jane,2013–present)
Below Deck,2013–present)
The Big Brain Theory,2013–present)
Black Ink Crew,2013–present)
The Blacklist |The Blacklist,2013–present)
Brooklyn Nine-Nine,2013–present)
A Chef's Life,2013–present)
CMT Hot 20 Countdown,2013–present)
Cutthroat Kitchen,2013–present)
Devious Maids,2013–present)
Drunk History,2013–present)
East Los High,2013–present)
El Señor de los Cielos,2013–present)
The Face |The Face,2013–present)
Failosophy,2013–present)
Flip or Flop,2013–present)
Food Factory,2013–present)
The Fosters (2013 TV series)|The Fosters,2013–present)
Fox NFL Kickoff,2013–present)
Garage Gold,2013–present)
Girl Code,2013–present)
The Goldbergs (2013 TV series)|The Goldbergs,2013–present)
The Great Christmas Light Fight,2013–present)
Guinness World Records Gone Wild,2013–present)
Two and a Half Men,2003)
Guntucky,2013–present)
Guy's Grocery Games,2013–present)
The Haves and the Have Nots |The Haves and the Have Nots,2013–present)
Hawaii Life,2013–present)
Hit the Floor |Hit the Floor,2013–present)
Hollywood Game Night,2013–present)
House of Cards |House of Cards,2013–present)
Ice Cold Gold,2013–present)
Inside Amy Schumer,2013–present)
The Kelly File,2013–present)
The Killer Speaks,2013–present)
Knife Fight |Knife Fight,2013–present)
Lalaloopsy |Lalaloopsy,2013–present)
Lauren Lake's Paternity Court,2013–present)
The Lead with Jake Tapper,2013–present)
Legal View with Ashleigh Banfield,2013–present)
Life Below Zero,2013–present)
Little People Big World, 2013–present)
Love Thy Neighbor |Love Thy Neighbor,2013–present)
Lucas Bros. Moving Co.,2013–present)
Maron |Maron,2013–present)
Marriage Boot Camp,2013–present)
Married to Medicine,2013–present)
Agents of S.H.I.E.L.D.|Marvel's Agents of S.H.I.E.L.D.,2013–present)
Avengers Assemble |Marvel's Avengers Assemble,2013–present)
MasterChef Junior,2013–present)
Masters of Sex,2013–present)
Mickey Mouse |Mickey Mouse,2013–present)
Mistresses |Mistresses,2013–present)
Mom |Mom,2013–present)
Monsters and Mysteries in America,2013–present)
Morgan Spurlock Inside Man,2013–present)
Mysteries at the Monument,2013–present)
Naked and Afraid,2013–present)
Nathan for You,2013–present)
NBA Inside Stuff,1990–2005; 2013–present)
New Day |New Day,2013–present)
Newlyweds: The First Year,2013–present)
Newsreaders,2013–present)
NFL Insiders,2013–present)
OK!TV,2013–present)
Orange Is the New Black,2013–present)
The Originals |The Originals,2013–present)
PAW Patrol,2013–present)
The People's Couch,2013–present)
Peg + Cat,2013–present)
Preachers' Daughters,2013–present)
The Profit |The Profit,2013–present)
Quick Draw |Quick Draw,2013–present)
Rabbids Invasion,2013–present)
Raising Whitley,2013–present)
Ray Donovan,2013–present)
Real Husbands of Hollywood,2013–present)
The Real Story with Gretchen Carlson,2013–present)
Reign |Reign,2013–present)
Rick and Morty,2013–present)
Rogue |Rogue,2013–present)
Sanjay and Craig,2013–present)
Sleepy Hollow |Sleepy Hollow,2013–present)
Snapped: Killer Couples,2013–present)
Sofia the First,2013–present)
Something Borrowed Something New,2013–present)
Steven Universe,2013–present)
Teen Titans Go! |Teen Titans Go!,2013–present)
Thicker Than Water (2013 TV series)|Thicker Than Water,2013–present)
The Thundermans,2013–present)
Total Divas,2013–present)
Ultimate Survival Alaska,2013–present)
Vanderpump Rules,2013–present)
Vikings |Vikings,2013–present)
Whose Line Is It Anyway? |Whose Line Is It Anyway?,1998–2007; 2013–present)
Who the (Bleep)...,2013–present)
The Writers' Room,2013–present)
Your Pretty Face Is Going to Hell,2013–present)
The 100 |The 100,2014–present)
The Affair |The Affair,2014–present)
All Hail King Julien,2014–present)
Almost Royal,2014–present)
Bachelor in Paradise |Bachelor in Paradise,2014–present)
Beat the House,2014–present)
Black-ish,2014–present)
Black Jesus |Black Jesus,2014–present)
Black Sails |Black Sails,2014–present)
Blaze and the Monster Machines,2014–present)
Blood Sweat & Heels,2014–present)
BoJack Horseman,2014–present)
Bosch |Bosch,2014–present)
Botched |Botched,2014–present)
Breadwinners |Breadwinners,2014–present)
Bring It! |Bring It!,2014–present)
Broad City,2014–present)
Buying Naked,2014–present)
The Carbonaro Effect,2014–present)
Catch a Contractor,2014–present)
Celebrity Name Game,2014–present)
Cement Heads,2014–present)
Chicago P.D. |Chicago P.D.,2014–present)
Chrisley Knows Best,2014–present)
Clarence (2014 TV series)|Clarence,2014–present)
CNN Tonight,2009–10; 2014–present)
The Comeback |The Comeback,2005; 2014–present)
The Curse of Oak Island,2014–present)
Deadbeat |Deadbeat,2014–present)
Deion's Family Playbook,2014–present)
Dora and Friends: Into the City!,2014–present)
The Fabulous Life of, 2014–present)
Fake Off,2014–present)
Faking It (2014 TV series)|Faking It,2014–present)
Fargo |Fargo,2014–present)
The Flash (2014 TV series)|The Flash,2014–present)
Food Fighters |Food Fighters,2014–present)
Friends of the People,2014–present)
From Dusk till Dawn: The Series,2014–present)
Girlfriends' Guide to Divorce,2014–present)
Girl Meets World,2014–present)
Gotham |Gotham,2014–present)
Halt and Catch Fire |Halt and Catch Fire,2014–present)
Hand of God |Hand of God,2014–present)
Heirs to the Dare,2014–present)
Henry Danger,2014–present)
Hot Bench,2014–present)
How to Get Away with Murder,2014–present)
The Hunt with John Walsh,2014–present)
Idiotest,2014–present)
If Loving You Is Wrong |If Loving You Is Wrong,2014–present)
Inside Job |Inside Job,2014–present)
Inside Politics, 2014–present)
Jane the Virgin,2014–present)
Judge Faith,2014–present)
K. Michelle: My Life,2014–present)
Kingdom (2014 TV series)|Kingdom,2014–present)
Kirby Buckets,2014–present)
The Kitchen |The Kitchen,2014–present)
The Knick,2014–present)
Last Comic Standing,2003–2010; 2014–present)
The Last Ship |The Last Ship,2014–present)
Last Week Tonight with John Oliver,2014–present)
Late Night with Seth Meyers,2014–present)
The Librarians (2014 TV series)|The Librarians,2014–present)
Little Women: LA,2014–present)
Lords of the Car Hoards,2014–present)
Love & Hip Hop: Hollywood,2014–present)
Madam Secretary |Madam Secretary,2014–present)
Marco Polo |Marco Polo,2014–present)
Masters of Illusion |Masters of Illusion,2000–2001; 2009; 2014–present)
The Meltdown with Jonah and Kumail,2014–present)
Mike Tyson Mysteries,2014–present)
Mixels,2014–present)
Motor City Masters,2014–present)
Mozart in the Jungle,2014–present)
Mr. Pickles,2014–present)
Murder in the First |Murder in the First,2014–present)
The Mysteries of Laura,2014–present)
Uncle,2014-present)
NCIS: New Orleans,2014–present)
Nicky Ricky Dicky & Dawn,2014–present)
The Night Shift |The Night Shift,2014–present)
Odd Squad |Odd Squad,2014–present)
On the Menu,2014–present)
Our World with Black Enterprise,2014–present)
Outlander |Outlander,2014–present)
Outnumbered (TV program)|Outnumbered,2014–present)
Penny Dreadful |Penny Dreadful,2014–present)
Playing House |Playing House,2014–present)
Power |Power,2014–present)
Private Lives of Nashville Wives,2014–present)
The Real |The Real,2014–present)
Rewrapped,2014–present)
Rich Kids of Beverly Hills,2014–present)
Running Wild with Bear Grylls,2014–present)
Salem |Salem,2014–present)
Scorpion |Scorpion,2014–present)
Señora Acero,2014–present)
Sheriff Callie's Wild West,2014–present)
Short Poppies,2014–present)
Silicon Valley |Silicon Valley,2014–present)
Skin Wars,2014–present)
Somebody's Gotta Do It,2014–present)
Sonic Boom |Sonic Boom,2014–present)
Southern Charm,2014–present)
Squawk Alley,2014–present)
Star Wars Rebels,2014–present)
The Strain |The Strain,2014–present)
Survivor's Remorse,2014–present)
The Tom and Jerry Show (2014 TV series)|The Tom and Jerry Show,2014–present)
The Tonight Show Starring Jimmy Fallon,2014–present)
Transparent |Transparent,2014–present)
TripTank,2014–present)
True Detective |True Detective,2014–present)
Turn: Washington's Spies,2014–present)
Tyrant |Tyrant,2014–present)
Untying the Knot,2014–present)
Unusually Thicke,2014–present)
Wahlburgers,2014–present)
Wake Up Call |Wake Up Call,2014–present)
Wallykazam!,2014–present)
When Calls the Heart |When Calls the Heart,2014–present)
With All Due Respect |With All Due Respect,2014–present)
Young & Hungry,2014–present)
You're the Worst,2014–present)
Z Nation,2014–present)
12 Monkeys |12 Monkeys,2015–present)
100 Things to Do Before High School,2015–present)
500 Questions,2015–present)
A Wicked Offer,2015–present)
The Adventures of Puss in Boots,2015–present)
Agent Carter |Agent Carter,2015–present)
American Crime |American Crime,2015–present)
America's Best Dance Crew,2008–2012; 2015–present)
Another Period,2015–present)
Aquarius |Aquarius,2015–present)
Are You Smarter than a 5th Grader? (U.S. game show)|Are You Smarter than a 5th Grader?,2007–2009; 2015–present)
Ash vs Evil Dead,2015–present)
Ballers,2015–present)
BattleBots,2000–2002; 2015–present)
Be Cool Scooby-Doo!,2015–present)
Bella and the Bulldogs,2015–present)
Best Friends Whenever,2015–present)
Best New Restaurant,2015–present)
Better Call Saul,2015–present)
Beyond the Tank,2015–present)
Big Giant Swords,2015–present)
Black Ink Crew: Chicago,2015–present)
Blindspot |Blindspot,2015–present)
Bloodline |Bloodline,2015–present)
Blue Collar Millionaires,2015–present)
Blunt Talk,2015–present)
Boom! (2015 TV series)|Boom!,2015–present)
Boston EMS |Boston EMS,2015–present)
Bullseye (2015 U.S. game show)|Bullseye,2015–present)
Bunk'd,2015–present)
The Carmichael Show,2015–present)
Casual |Casual,2015–present)
CBS Overnight News,2015–present)
Cedric's Barber Battle,2015–present)
Celebrity Family Feud,2008; 2015–present)
Chain Reaction (game show)|Chain Reaction,1980; 1986–91; 2006–07; 2015–present)
Chicago Med,2015–present)
Code Black |Code Black,2015–present)
Cold Justice: Sex Crimes,2015–present)
Crazy Ex-Girlfriend |Crazy Ex-Girlfriend,2015–present)
Crime Watch Daily,2015–present)
CSI: Cyber,2015–present)
Daredevil |Daredevil,2015–present)
Dash Dolls,2015–present)
Dawn of the Croods,2015–present)
Difficult People,2015–present)
Dinner at Tiffani's,2015–present)
Dinotrux,2015–present)
Documentary Now!,2015–present)
Donny!,2015–present)
Dr. Ken,2015–present)
Empire (2015 TV series)|Empire,2015–present)
The Expanse |The Expanse,2015–present)
Fashionably Late with Rachel Zoe,2015–present)
Fear the Walking Dead,2015–present)
F Is for Family,2015–present)
Fresh Beat Band of Spies,2015–present)
Fresh Off the Boat,2015–present)
Full Measure |Full Measure,2015–present)
Galavant,2015–present)
Gamer's Guide to Pretty Much Everything,2015–present)
Game Shakers,2015–present)
Good Witch |Good Witch,2015–present)
Grace and Frankie,2015–present)
The Grace Helbig Show,2015–present)
Grandfathered |Grandfathered,2015–present)
The Greg Gutfeld Show,2015–present)
The Grinder |The Grinder,2015–present)
Guardians of the Galaxy |Guardians of the Galaxy,2015–present)
Harvey Beaks,2015–present)
Home Free (2015 TV series)|Home Free,2015–present)
Humans |Humans,2015–present)
I Am Cait,2015–present)
I Am Jazz,2015–present)
I Can Do That |I Can Do That,2015–present)
Ice & Coco,2015–present)
Impastor,2015–present)
M U S H,2015-present)
In an Instant,2015–present)
Into the Badlands |Into the Badlands,2015–present)
The Island |The Island,2015–present)
iZombie |iZombie,2015–present)
Jessica Jones |Jessica Jones,2015–present)
The Jim Gaffigan Show,2015–present)
Job or No Job,2015–present)
K.C. Undercover,2015–present)
Killjoys |Killjoys,2015–present)
The Last Kingdom |The Last Kingdom,2015–present)
The Last Man on Earth |The Last Man on Earth,2015–present)
The Late Late Show with James Corden,2015–present)
The Late Show with Stephen Colbert,2015–present)
Life in Pieces,2015–present)
Limitless |Limitless,2015–present)
Don't Call Me Shirley,)
Lip Sync Battle,2015–present)
Little Charmers,2015–present)
Little Women: NY,2015–present)
Living with the Enemy |Living with the Enemy,2015–present)
The Magicians |The Magicians,2015–present)
Make It Pop,2015–present)
Making a Murderer,2015–present)
The Man in the High Castle |The Man in the High Castle,2015–present)
Mann & Wife,2015–present)
Man Seeking Woman,2015–present)
Master of None,2015–present)
Miles from Tomorrowland,2015–present)
Monica the Medium,2015–present)
The Mr. Peabody & Sherman Show,2015–present)
Mr. Robot |Mr. Robot,2015–present)
The Muppets |The Muppets,2015–present)
Mutt & Stuff,2015–present)
Narcos,2015–present)
NASCAR on NBC, 2015–present)
Next Step Realty: NYC,2015–present)
The Nightly Show with Larry Wilmore,2015–present)
The Odd Couple (2015 TV series)|The Odd Couple,2015–present)
Odd Mom Out,2015–present)
Olympus |Olympus,2015–present)
Penn Zero: Part-Time Hero,2015–present)
Pickle and Peanut,2015–present)
Pig Goat Banana Cricket,2015–present)
Powers |Powers,2015–present)
Project Greenlight,2001–2005; 2015–present)
Punk'd,2003–2007; 2012; 2015–present)
Quantico |Quantico,2015–present)
Race to Escape,2015–present)
Red Oaks,2015–present)
Richie Rich (2015 TV series)|Richie Rich,2015–present)
Rosewood |Rosewood,2015–present)
The Royals |The Royals,2015–present)
Save My Life: Boston Trauma,2015–present)
Schitt's Creek,2015–present)
Scream |Scream,2015–present)
Scream Queens (2015 TV series)|Scream Queens,2015–present)
Secrets and Lies |Secrets and Lies,2015–present)
Sense8,2015–present)
Sex&Drugs&Rock&Roll,2015–present)
Shimmer and Shine,2015–present)
Significant Mother,2015–present)
Sin City Saints,2015–present)
Six Degrees of Everything,2015–present)
Startup U,2015–present)
Star vs. the Forces of Evil,2015–present)
Stitchers,2015–present)
Supergirl |Supergirl,2015–present)
SuperMansion,2015–present)
Superstore |Superstore,2015–present)
Teen Mom, 2015–present)
Telenovela |Telenovela,2015–present)
This Is Not Happening |This Is Not Happening,2015–present)
Unbreakable Kimmy Schmidt,2015–present)
Unreal |Unreal,2015–present)
Up Late NW,2015–present)
Wabbit |Wabbit,2015–present)
Wayward Pines,2015–present)
W/ Bob & David,2015–present)
We Bare Bears,2015–present)
West Texas Investors Club,2015–present)
Wishenpoof!,2015–present)
Work Out New York,2015–present)
World's Funniest,2015–present)
WWE Tough Enough,2001–2004; 2011; 2015–present)
Younger |Younger,2015–present)
Zoo |Zoo,2015–present)
11.22.63,2016–present)
American Crime Story,2016–present)
Angie Tribeca,2016–present)
Animals.,2016–present)
Baskets |Baskets,2016–present)
Billions |Billions,2016–present)
Bordertown (2016 TV series)|Bordertown,2016–present)
Colony |Colony,2016–present)
Criminal Minds: Beyond Borders,2016–present)
Crowded |Crowded,2016–present)
Damien |Damien,2016–present)
Dark Net |Dark Net,2016–present)
Eva la trailera,2016–present)
The Family (2016 TV series)|The Family,2016–present)
Flaked,2016–present)
Fuller House |Fuller House,2016–present)
Full Frontal with Samantha Bee,2016–present)
Gran Hermano USA,2016–present)
Idiotsitter,2016–present)
The Increasingly Poor Decisions of Todd Margaret,2010; 2012; 2016–present)
The Internet Ruined My Life,2016–present)
It's Not You It's Men,2016–present)
Jo Frost: Nanny On Tour,2016–present)
Lab Rats: Elite Force,2016–present)
Legends of Tomorrow,2016–present)
Lego Nexo Knights,2016–present)
The Lion Guard,2016–present)
Little Big Shots,2016–present)
Love |Love,2016–present)
Lucifer |Lucifer,2016–present)
Mercy Street |Mercy Street,2016–present)
My Diet Is Better Than Yours,2016–present)
NBA Saturday Primetime on ABC,2016–present)
Netflix Presents: The Characters,2016–present)
News with Ed Schultz,2016–present)
Not Safe with Nikki Glaser,2016–present)
Outsiders |Outsiders,2016–present)
Paradise Run,2016–present)
The Partner |The Partner,2016–present)
Party Over Here,2016–present)
Pitch Slapped,2016–present)
Ready Jet Go!,2016–present)
The Real Housewives of Potomac,2016–present)
The Real O'Neals,2016–present)
Recipe for Deception,2016–present)
Recovery Road |Recovery Road,2016–present)
School of Rock |School of Rock,2016–present)
Second Chance (2016 TV series)|Second Chance,2016–present)
Separation Anxiety |Separation Anxiety,2016–present)
Shades of Blue |Shades of Blue,2016–present)
Shadowhunters,2016–present)
The Shannara Chronicles,2016–present)
Slasher |Slasher,2016–present)
Stevie J & Joseline: Go Hollywood,2016–present)
Stuck in the Middle,2016-present)
Teachers ,2016–present)
Those Who Can't,2016–present)
El Tigre: The Adventures of Manny Rivera,2007–2008; 2016–present)
Tour Group,2016–present)
Underground |Underground,2016–present)
Vinyl |Vinyl,2016–present)
The X-Files,2016–present)
Zoe Ever After,2016–present)





